Ref,Val,Package,PosX,PosY,Rot,Side
"C1","22uF,16V","C_0805_2012Metric",73.951800,58.761600,-90.000000,bottom
"C13","0.1uF,16V","C_0402_1005Metric",59.291800,54.271600,0.000000,bottom
"C15","0.1uF,16V","C_0402_1005Metric",95.440328,44.115177,0.000000,bottom
"C16","4.7uF,10V","C_0402_1005Metric",56.551800,51.781600,90.000000,bottom
"C17","0.1uF,16V","C_0402_1005Metric",55.671800,51.781600,90.000000,bottom
"C18","10uF,10V","C_0402_1005Metric",55.401800,46.151600,180.000000,bottom
"C25","0.1uF,16V","C_0402_1005Metric",55.271800,40.761600,90.000000,bottom
"C27","10uF,10V","C_0402_1005Metric",60.961800,51.561600,90.000000,bottom
"C28","10uF,10V","C_0402_1005Metric",58.381800,46.641600,90.000000,bottom
"C30","10uF,16V","C_0603_1608Metric",9.921800,54.861600,180.000000,bottom
"C32","0.1uF,16V","C_0402_1005Metric",115.061800,2.751600,-90.000000,bottom
"C33","10uF,10V","C_0402_1005Metric",60.121800,40.721600,-90.000000,bottom
"C34","47pF,50V","C_0402_1005Metric",82.354000,12.548200,-90.000000,bottom
"C35","47pF,50V","C_0402_1005Metric",69.091800,12.561600,-90.000000,bottom
"C36","47pF,50V","C_0402_1005Metric",79.214000,12.544200,-90.000000,bottom
"C37","47pF,50V","C_0402_1005Metric",74.124000,12.538200,-90.000000,bottom
"C38","47pF,50V","C_0402_1005Metric",87.354000,12.528200,-90.000000,bottom
"C39","0.1uF,16V","C_0402_1005Metric",81.820700,59.728500,0.000000,bottom
"C40","0.1uF,16V","C_0402_1005Metric",60.091800,51.561600,90.000000,bottom
"C41","22uF,16V","C_0805_2012Metric",83.051800,61.971600,90.000000,bottom
"C42","22uF,16V","C_0805_2012Metric",81.141800,62.001600,90.000000,bottom
"C43","22pF,50V","C_0402_1005Metric",82.491800,58.151600,-90.000000,bottom
"C44","0.1uF,16V","C_0402_1005Metric",60.391800,46.011600,0.000000,bottom
"C45","10uF,10V","C_0402_1005Metric",62.931800,46.491600,0.000000,bottom
"C46","0.1uF,16V","C_0402_1005Metric",62.961800,47.371600,0.000000,bottom
"C47","10uF,10V","C_0402_1005Metric",62.981800,48.291600,0.000000,bottom
"C50","22uF,16V","C_0805_2012Metric",75.801800,58.831600,-90.000000,bottom
"C51","10uF,10V","C_0402_1005Metric",59.291800,53.361600,180.000000,bottom
"C52","10uF,10V","C_0402_1005Metric",61.781800,51.561600,90.000000,bottom
"C53","1nF,2kV","C_1206_3216Metric",140.611800,76.191600,180.000000,bottom
"C69","1nF,2kV","C_1206_3216Metric",124.591800,74.451600,0.000000,bottom
"C70","1nF,2kV","C_1206_3216Metric",129.961800,74.471600,0.000000,bottom
"C72","0.1uF,50V","C_0402_1005Metric",115.651800,68.301600,180.000000,bottom
"C73","0.1uF,50V","C_0402_1005Metric",115.931800,61.941600,0.000000,bottom
"C74","0.1uF,16V","C_0402_1005Metric",71.051800,38.261600,180.000000,bottom
"C77","10uF,10V","C_0402_1005Metric",98.361800,81.441600,-90.000000,bottom
"C83","10nF,50V","C_0402_1005Metric",30.411800,85.781600,90.000000,bottom
"C84","0.1uF,16V","C_0402_1005Metric",62.931800,49.261600,180.000000,bottom
"C87","10nF,50V","C_0402_1005Metric",41.111800,63.841600,180.000000,bottom
"C88","0.1uF,16V","C_0402_1005Metric",98.461800,2.401600,-90.000000,bottom
"C89","0.1uF,16V","C_0402_1005Metric",106.945800,2.721600,-90.000000,bottom
"C92","0.1uF,16V","C_0402_1005Metric",57.131800,54.261600,180.000000,bottom
"C93","0.1uF,16V","C_0402_1005Metric",57.121800,53.341600,180.000000,bottom
"C94","0.1uF,16V","C_0402_1005Metric",57.671800,43.611600,180.000000,bottom
"C97","0.1uF,16V","C_0402_1005Metric",57.531800,44.841600,-90.000000,bottom
"C98","10uF,10V","C_0402_1005Metric",56.231800,40.761600,-90.000000,bottom
"C99","0.1uF,16V","C_0402_1005Metric",59.241800,40.731600,90.000000,bottom
"C100","0.1uF,16V","C_0402_1005Metric",82.211800,84.781600,90.000000,bottom
"C101","0.1uF,16V","C_0402_1005Metric",60.951800,74.411600,-90.000000,bottom
"C103","0.1uF,16V","C_0402_1005Metric",48.661800,74.601600,-90.000000,bottom
"C104","10uF,10V","C_0402_1005Metric",49.641800,74.611600,-90.000000,bottom
"C106","10uF,10V","C_0402_1005Metric",50.891800,52.901600,90.000000,bottom
"C107","10nF,50V","C_0402_1005Metric",51.791800,52.901600,90.000000,bottom
"C108","10nF,50V","C_0402_1005Metric",53.941800,52.361600,90.000000,bottom
"C109","10uF,10V","C_0402_1005Metric",53.001800,52.361600,90.000000,bottom
"C110","2.2nF,50V","C_0402_1005Metric",65.921800,55.081600,0.000000,bottom
"C117","1nF,2kV","C_1206_3216Metric",128.051800,96.651600,-90.000000,bottom
"C119","10uF,10V","C_0402_1005Metric",60.041800,74.401600,-90.000000,bottom
"C122","0.1uF,16V","C_0402_1005Metric",72.581800,61.111600,0.000000,bottom
"C123","0.1uF,16V","C_0402_1005Metric",78.771800,55.691600,0.000000,bottom
"C124","0.1uF,50V","C_0402_1005Metric",115.881800,88.261600,180.000000,bottom
"C125","10uF,10V","C_0402_1005Metric",105.941800,72.771600,0.000000,bottom
"C126","10nF,50V","C_0402_1005Metric",6.881800,30.001600,0.000000,bottom
"C127","0.1uF,50V","C_0402_1005Metric",116.941800,81.941600,180.000000,bottom
"C128","10nF,50V","C_0402_1005Metric",6.881800,32.641600,0.000000,bottom
"C129","0.1uF,16V","C_0402_1005Metric",96.990328,50.525800,90.000000,bottom
"C130","10uF,16V","C_0603_1608Metric",91.141800,43.191600,180.000000,bottom
"C132","0.1uF,16V","C_0402_1005Metric",98.990328,42.115177,90.000000,bottom
"C133","0.1uF,16V","C_0402_1005Metric",98.628328,50.465177,90.000000,bottom
"C134","0.1uF,16V","C_0402_1005Metric",96.590328,42.165177,90.000000,bottom
"C135","0.1uF,16V","C_0402_1005Metric",95.310328,45.365177,0.000000,bottom
"C136","10uF,16V","C_0603_1608Metric",100.231800,50.341600,90.000000,bottom
"C138","1nF,2kV","C_1206_3216Metric",124.296800,90.511600,0.000000,bottom
"C139","0.1uF,16V","C_0402_1005Metric",100.658328,44.140177,180.000000,bottom
"C140","0.1uF,16V","C_0402_1005Metric",100.441800,47.631600,-90.000000,bottom
"C142","0.1uF,16V","C_0402_1005Metric",98.981800,47.621600,-90.000000,bottom
"C143","0.1uF,16V","C_0402_1005Metric",95.440328,46.515177,0.000000,bottom
"C149","1nF,2kV","C_1206_3216Metric",140.086800,36.011600,180.000000,bottom
"C150","1nF,2kV","C_1206_3216Metric",134.376800,34.301600,180.000000,bottom
"C151","10nF,50V","C_0402_1005Metric",6.881800,35.071600,0.000000,bottom
"C152","1nF,2kV","C_1206_3216Metric",124.764800,93.429400,180.000000,bottom
"C153","4.7uF,16V","C_0603_1608Metric",35.684800,54.021602,90.000000,bottom
"C154","0.1uF,16V","C_0402_1005Metric",41.374800,53.671602,90.000000,bottom
"C155","10uF,16V","C_0603_1608Metric",42.574800,54.046602,90.000000,bottom
"C156","10uF,10V","C_0402_1005Metric",62.901800,50.081600,0.000000,bottom
"C157","10nF,50V","C_0402_1005Metric",61.151800,59.841600,0.000000,bottom
"C158","10nF,50V","C_0402_1005Metric",61.151800,60.651600,0.000000,bottom
"C159","10nF,50V","C_0402_1005Metric",61.151800,61.461600,0.000000,bottom
"C160","10nF,50V","C_0402_1005Metric",61.151800,62.271600,0.000000,bottom
"C161","1nF,2kV","C_1206_3216Metric",138.681800,18.591600,0.000000,bottom
"C172","0.1uF,16V","C_0402_1005Metric",122.911800,2.801600,-90.000000,bottom
"C246","10uF,10V","C_0402_1005Metric",84.171800,20.491600,0.000000,bottom
"C247","0.1uF,16V","C_0402_1005Metric",73.321800,23.501600,180.000000,bottom
"C248","0.1uF,16V","C_0402_1005Metric",84.181800,21.436000,0.000000,bottom
"C250","0.1uF,16V","C_0402_1005Metric",84.481800,25.451600,0.000000,bottom
"C252","10uF,10V","C_0402_1005Metric",76.941800,16.261600,-90.000000,bottom
"C253","0.1uF,16V","C_0402_1005Metric",79.691800,16.196000,-90.000000,bottom
"C254","0.1uF,16V","C_0402_1005Metric",73.491800,18.426000,180.000000,bottom
"C255","0.1uF,16V","C_0402_1005Metric",81.121800,27.431600,90.000000,bottom
"C257","0.1uF,16V","C_0402_1005Metric",84.231800,18.446000,0.000000,bottom
"D1"," 1N5819HW-7-F","D_SOD-123",9.391800,52.911600,180.000000,bottom
"D3","BAT54A-7-F","SOT-23",138.670350,27.199200,180.000000,bottom
"D7","NUP2105L","SOT-23",29.721800,95.971600,-90.000000,bottom
"FB1","100Ω@100MHz_2A","R_0805_2012Metric",72.151800,58.811600,90.000000,bottom
"FB3","100Ω@100MHz_2A","R_0603_1608Metric",103.501800,72.821600,180.000000,bottom
"FB5","100Ω@100MHz 2A","R_0603_1608Metric",34.221800,54.051602,90.000000,bottom
"FB8","100Ω@100MHz 2A","R_0603_1608Metric",47.751800,53.261600,180.000000,bottom
"FB10","100Ω@100MHz_2A","R_0603_1608Metric",100.281800,81.931600,0.000000,bottom
"L6","4.7uH_1.4A","L1008",77.420700,62.048500,180.000000,bottom
"R4","0Ω","R_0603_1608Metric",68.881800,54.551600,180.000000,bottom
"R8","10K","R_0402_1005Metric",68.991800,74.371600,-90.000000,bottom
"R17","10K","R_0402_1005Metric",83.551800,74.201600,-90.000000,bottom
"R18","5.1K","R_0402_1005Metric",138.221800,29.431600,180.000000,bottom
"R19","5.1K","R_0402_1005Metric",138.271800,25.011600,180.000000,bottom
"R21","10K_0402","R_0402_1005Metric",129.286000,0.711200,0.000000,bottom
"R22","10K_0402","R_0402_1005Metric",129.286000,3.251200,0.000000,bottom
"R23","10K","R_0402_1005Metric",32.991800,54.151304,-90.000000,bottom
"R25","0Ω","R_0603_1608Metric",58.291800,51.291600,0.000000,bottom
"R26","10K","R_0402_1005Metric",116.077800,2.731600,90.000000,bottom
"R27","0Ω","R_0402_1005Metric",107.051800,55.761600,90.000000,bottom
"R28","0Ω","R_0402_1005Metric",109.171800,56.981600,180.000000,bottom
"R30","0Ω","R_0402_1005Metric",113.191800,81.541600,0.000000,bottom
"R31","0Ω_0402","R_0402_1005Metric",90.728800,2.286000,90.000000,bottom
"R32","100Ω","R_0402_1005Metric",88.387000,12.524200,90.000000,bottom
"R33","100Ω","R_0402_1005Metric",73.147000,12.524200,90.000000,bottom
"R34","100Ω","R_0402_1005Metric",78.227000,12.524200,90.000000,bottom
"R35","100Ω","R_0402_1005Metric",68.067000,12.524200,90.000000,bottom
"R36","100Ω","R_0402_1005Metric",83.307000,12.524200,90.000000,bottom
"R37","10K","R_0402_1005Metric",72.136000,12.524200,-90.000000,bottom
"R38","10K","R_0402_1005Metric",77.216000,12.524200,-90.000000,bottom
"R39","10K","R_0402_1005Metric",84.328000,12.524200,-90.000000,bottom
"R42","1M","R_1206_3216Metric",138.679300,20.671600,0.000000,bottom
"R49","33Ω","R_0402_1005Metric",73.541800,85.431600,90.000000,bottom
"R53","60.4Ω_1206","R_1206_3216Metric",27.111800,86.541600,90.000000,bottom
"R55","1K","R_0402_1005Metric",51.031800,74.251600,90.000000,bottom
"R59","10K","R_0402_1005Metric",123.927800,2.801600,90.000000,bottom
"R63","49.9Ω","R_0402_1005Metric",41.131800,64.791600,0.000000,bottom
"R67","60.4Ω_1206","R_1206_3216Metric",33.141800,86.561600,-90.000000,bottom
"R80","75Ω_0603","R_0603_1608Metric",123.721800,61.861600,0.000000,bottom
"R81","75Ω_0603","R_0603_1608Metric",123.801800,68.211600,0.000000,bottom
"R82","75Ω_0603","R_0603_1608Metric",129.476000,65.878020,0.000000,bottom
"R83","75Ω_0603","R_0603_1608Metric",129.476000,63.846020,0.000000,bottom
"R88","10K","R_0402_1005Metric",64.001800,36.891600,0.000000,bottom
"R89","10K","R_0402_1005Metric",81.511800,58.138500,90.000000,bottom
"R90","10K","R_0402_1005Metric",83.461800,58.141600,-90.000000,bottom
"R91","1M","R_1206_3216Metric",130.621800,96.631600,-90.000000,bottom
"R92","1M","R_1206_3216Metric",140.571800,73.981600,180.000000,bottom
"R94","33Ω","R_0402_1005Metric",72.331800,74.331600,90.000000,bottom
"R95","1M","R_1206_3216Metric",140.086800,33.561600,0.000000,bottom
"R96","10K","R_0402_1005Metric",64.591800,17.171600,90.000000,bottom
"R98","10K","R_0402_1005Metric",99.461800,2.401600,90.000000,bottom
"R99","10K","R_0402_1005Metric",107.961800,2.701600,90.000000,bottom
"R101","10K","R_0402_1005Metric",78.790700,56.678500,180.000000,bottom
"R106","33Ω","R_0402_1005Metric",64.001800,74.351600,90.000000,bottom
"R107","33Ω","R_0402_1005Metric",82.261800,74.221600,-90.000000,bottom
"R109","10Ω","R_0402_1005Metric",64.141800,55.081600,180.000000,bottom
"R110","33Ω","R_0402_1005Metric",80.921800,74.211600,-90.000000,bottom
"R111","10K","R_0402_1005Metric",52.631800,74.271600,-90.000000,bottom
"R116","2.49K","R_0402_1005Metric",107.451800,61.771600,90.000000,bottom
"R117","0Ω","R_0402_1005Metric",111.831800,88.941600,0.000000,bottom
"R118","0Ω","R_0402_1005Metric",111.831800,87.871600,0.000000,bottom
"R120","0Ω","R_0402_1005Metric",106.811800,58.981600,90.000000,bottom
"R121","0Ω","R_0402_1005Metric",108.361800,59.961600,90.000000,bottom
"R124","0Ω","R_0402_1005Metric",113.191800,82.441600,0.000000,bottom
"R126","0Ω","R_0402_1005Metric",113.351800,68.691600,0.000000,bottom
"R129","0Ω","R_0402_1005Metric",113.351800,67.801600,0.000000,bottom
"R131","0Ω","R_0402_1005Metric",113.071800,62.281600,0.000000,bottom
"R133","33Ω","R_0402_1005Metric",74.581800,85.451600,90.000000,bottom
"R134","33Ω","R_0402_1005Metric",63.001800,74.331600,-90.000000,bottom
"R135","33Ω","R_0402_1005Metric",62.021800,74.331600,-90.000000,bottom
"R136","0Ω","R_0402_1005Metric",113.071800,61.311600,0.000000,bottom
"R137","2.49K","R_0402_1005Metric",95.221800,57.261600,-90.000000,bottom
"R141","4.7K","R_0402_1005Metric",93.681800,41.471600,90.000000,bottom
"R143","4.7K","R_0402_1005Metric",102.421800,38.421600,90.000000,bottom
"R145","4.7K","R_0402_1005Metric",92.651800,41.451600,-90.000000,bottom
"R147","4.7K","R_0402_1005Metric",94.931800,41.441600,-90.000000,bottom
"R149","4.7K","R_0402_1005Metric",91.527800,41.461600,-90.000000,bottom
"R150","4.7K","R_0402_1005Metric",90.511800,41.461600,-90.000000,bottom
"R154","4.7K","R_0402_1005Metric",130.578528,38.467800,180.000000,bottom
"R155","330Ω","R_0402_1005Metric",130.580528,39.483800,0.000000,bottom
"R156","4.7K","R_0402_1005Metric",122.836528,54.580000,180.000000,bottom
"R157","330Ω","R_0402_1005Metric",125.036528,54.580000,180.000000,bottom
"R158","75Ω_0603","R_0603_1608Metric",124.050728,40.703000,0.000000,bottom
"R159","75Ω_0603","R_0603_1608Metric",124.036528,44.380000,0.000000,bottom
"R160","75Ω_0603","R_0603_1608Metric",124.036528,48.380000,0.000000,bottom
"R161","75Ω_0603","R_0603_1608Metric",124.036528,52.180000,0.000000,bottom
"R162","33Ω","R_0402_1005Metric",67.671800,74.351600,-90.000000,bottom
"R163","33Ω","R_0402_1005Metric",56.141800,74.311600,-90.000000,bottom
"R164","33Ω","R_0402_1005Metric",66.391800,74.351600,-90.000000,bottom
"R165","33Ω","R_0402_1005Metric",54.871800,74.311600,-90.000000,bottom
"R169","220Ω","R_0402_1005Metric",55.331800,89.881600,-90.000000,bottom
"R170","220Ω","R_0402_1005Metric",57.711800,89.881600,-90.000000,bottom
"R171","220Ω","R_0402_1005Metric",60.441800,89.881600,-90.000000,bottom
"R172","220Ω","R_0402_1005Metric",62.801800,89.881600,-90.000000,bottom
"R173","220Ω","R_0402_1005Metric",65.331800,89.881600,-90.000000,bottom
"R174","220Ω","R_0402_1005Metric",68.021800,94.996600,-90.000000,bottom
"R175","220Ω","R_0402_1005Metric",60.211800,94.791600,-90.000000,bottom
"R176","220Ω","R_0402_1005Metric",57.721800,94.791600,-90.000000,bottom
"R180","75Ω_0603","R_0603_1608Metric",123.626800,81.951600,0.000000,bottom
"R181","75Ω_0603","R_0603_1608Metric",123.766800,88.321600,0.000000,bottom
"R182","75Ω_0603","R_0603_1608Metric",129.476000,85.961800,0.000000,bottom
"R183","75Ω_0603","R_0603_1608Metric",129.476000,83.929800,0.000000,bottom
"R184","0Ω","R_0402_1005Metric",91.041800,63.111600,90.000000,bottom
"R185","0Ω","R_0402_1005Metric",91.991800,63.111600,90.000000,bottom
"R186","0Ω","R_0402_1005Metric",92.981800,64.141600,90.000000,bottom
"R187","0Ω","R_0402_1005Metric",93.961800,64.141600,90.000000,bottom
"R188","0Ω","R_0402_1005Metric",93.631800,60.751600,90.000000,bottom
"R189","0Ω","R_0402_1005Metric",94.531800,60.751600,90.000000,bottom
"R190","0Ω","R_0402_1005Metric",97.701800,59.111600,-90.000000,bottom
"R191","0Ω","R_0402_1005Metric",96.761800,59.111600,-90.000000,bottom
"R194","33Ω","R_0402_1005Metric",2.631800,11.261600,180.000000,bottom
"R195","33Ω","R_0402_1005Metric",2.631800,12.146600,180.000000,bottom
"R196","33Ω","R_0402_1005Metric",2.631800,13.031600,180.000000,bottom
"R285","12K","R_0402_1005Metric",80.181800,27.421600,-90.000000,bottom
"R288","10K","R_0402_1005Metric",70.891800,18.111600,180.000000,bottom
"R289","10K","R_0402_1005Metric",70.891800,21.051600,180.000000,bottom
"R290","0Ω_0402","R_0402_1005Metric",70.891800,19.070443,180.000000,bottom
"R291","0Ω_0402","R_0402_1005Metric",70.891800,20.086443,180.000000,bottom
"R292","5.1K","R_0402_1005Metric",137.849900,11.101301,0.000000,bottom
"R293","5.1K","R_0402_1005Metric",137.749900,14.101301,0.000000,bottom
"U3","74HC165D,653","SOIC-16",77.791800,79.651600,180.000000,bottom
"U5","MX25L12833FM2I-10G","SOIC8_208mil",67.731800,41.661600,0.000000,bottom
"U12","TLV62569DBVR","SOT-23-5",78.798800,58.758799,0.000000,bottom
"U13","LP5907MFX-3.3/NOPB","SOT-23-5",38.901800,54.191600,0.000000,bottom
"U20","74HC595D,118","SOIC-16",65.699300,79.660850,0.000000,bottom
"U21","74HC595D,118","SOIC-16",54.091800,79.601600,0.000000,bottom
"C2","10uF,16V","C_0603_1608Metric",35.751800,55.656600,-90.000000,top
"C3","10uF,16V","C_0603_1608Metric",126.491800,23.906600,-90.000000,top
"C4","10uF,16V","C_0603_1608Metric",38.511800,55.586600,90.000000,top
"C5","0.1uF,16V","C_0402_1005Metric",39.761800,55.586600,90.000000,top
"C6","0.1uF,16V","C_0402_1005Metric",105.553800,18.191600,90.000000,top
"C7","22uF,16V","C_0805_2012Metric",106.853800,18.661600,90.000000,top
"C8","10uF,16V","C_0603_1608Metric",132.151800,23.896600,-90.000000,top
"C9","22uF,16V","C_0805_2012Metric",45.651800,55.906600,90.000000,top
"C10","0.1uF,16V","C_0402_1005Metric",44.211800,55.276600,90.000000,top
"C11","62pF,50V","C_0402_1005Metric",100.915800,71.231600,90.000000,top
"C12","0.1uF,50V","C_0402_1005Metric",103.861800,71.211600,-90.000000,top
"C14","0.1uF,16V","C_0402_1005Metric",99.111800,63.881600,180.000000,top
"C19","22uF,16V","C_0805_2012Metric",108.623800,18.661600,90.000000,top
"C20","0.1uF,16V","C_0402_1005Metric",107.811800,13.151600,0.000000,top
"C21","22pF,50V","C_0402_1005Metric",104.631800,16.441600,0.000000,top
"C22","10uF,16V","C_0603_1608Metric",126.294099,17.651901,-90.000000,top
"C23","22uF,16V","C_0805_2012Metric",110.813800,18.661600,90.000000,top
"C24","22uF,16V","C_0805_2012Metric",112.523800,18.661600,90.000000,top
"C26","22uF,16V","C_0805_2012Metric",116.063800,18.661600,-90.000000,top
"C29","10uF,16V","C_0603_1608Metric",131.814099,17.726901,-90.000000,top
"C31","10uF,16V","C_0603_1608Metric",117.543700,26.901588,90.000000,top
"C48","62pF,50V","C_0402_1005Metric",102.921800,91.781600,90.000000,top
"C49","0.1uF,16V","C_0402_1005Metric",7.341800,91.166600,180.000000,top
"C54","10uF,16V","C_0603_1608Metric",7.249800,82.646600,180.000000,top
"C55","10nF,50V","C_0402_1005Metric",19.661800,46.211600,0.000000,top
"C56","10nF,50V","C_0402_1005Metric",19.641800,48.428266,0.000000,top
"C57","0.1uF,16V","C_0402_1005Metric",22.821800,88.741600,0.000000,top
"C58","47pF,50V","C_0402_1005Metric",7.301800,90.021600,180.000000,top
"C59","0.1uF,16V","C_0402_1005Metric",7.406800,83.831600,180.000000,top
"C60","10uF,16V","C_0603_1608Metric",124.331800,26.871600,90.000000,top
"C61","10nF,50V","C_0402_1005Metric",19.641800,47.371600,0.000000,top
"C62","10uF,10V","C_0402_1005Metric",104.906000,91.746800,90.000000,top
"C63","0.1uF,50V","C_0402_1005Metric",99.771800,87.731600,0.000000,top
"C64","10nF,50V","C_0402_1005Metric",19.661800,45.071600,0.000000,top
"C65","0.1uF,16V","C_0402_1005Metric",105.671800,60.411600,-90.000000,top
"C66","0.1uF,16V","C_0402_1005Metric",31.191800,72.131600,90.000000,top
"C67","47pF,50V","C_0402_1005Metric",32.951800,86.491600,90.000000,top
"C68","10uF,10V","C_0402_1005Metric",99.071800,64.921600,180.000000,top
"C71","1uF,10V","C_0402_1005Metric",99.781800,86.801600,180.000000,top
"C75","0.1uF,16V","C_0402_1005Metric",91.441800,52.461600,0.000000,top
"C76","10uF,10V","C_0402_1005Metric",99.711800,84.891600,180.000000,top
"C78","10uF,10V","C_0402_1005Metric",104.901800,71.191600,90.000000,top
"C79","47pF,50V","C_0402_1005Metric",27.431800,86.496600,-90.000000,top
"C80","0.1uF,16V","C_0402_1005Metric",88.911800,94.391600,90.000000,top
"C81","12pF,50V","C_0402_1005Metric",47.564600,48.875000,-90.000000,top
"C82","12pF,50V","C_0402_1005Metric",47.564600,50.875000,90.000000,top
"C85","0.1uF,16V","C_0402_1005Metric",114.421800,24.301600,-90.000000,top
"C86","10nF,50V","C_0402_1005Metric",7.701800,73.901600,180.000000,top
"C90","22uF,10V","C_0603_1608Metric",65.811800,51.171600,90.000000,top
"C91","0.1uF,16V","C_0402_1005Metric",64.781800,50.811600,90.000000,top
"C95","0.1uF,16V","C_0402_1005Metric",33.771800,79.771600,90.000000,top
"C96","22uF,10V","C_0603_1608Metric",67.011800,51.201600,90.000000,top
"C102","22uF,10V","C_0603_1608Metric",67.791800,55.141600,0.000000,top
"C105","0.1uF,16V","C_0402_1005Metric",67.871800,56.291600,0.000000,top
"C111","22uF,10V","C_0603_1608Metric",67.801800,53.901600,0.000000,top
"C112","0.1uF,16V","C_0402_1005Metric",39.731800,35.461600,0.000000,top
"C113","0.1uF,50V","C_0402_1005Metric",105.871800,91.741600,-90.000000,top
"C114","0.1uF,16V","C_0402_1005Metric",111.802466,83.781600,0.000000,top
"C115","0.1uF,16V","C_0402_1005Metric",99.725800,83.961600,180.000000,top
"C116","0.1uF,16V","C_0402_1005Metric",105.821800,80.761600,-90.000000,top
"C118","1uF,10V","C_0402_1005Metric",99.051800,66.941600,180.000000,top
"C120","0.1uF,50V","C_0402_1005Metric",99.021800,65.931600,0.000000,top
"C121","0.1uF,16V","C_0402_1005Metric",115.921800,15.691600,90.000000,top
"C131","0.1uF,16V","C_0402_1005Metric",104.971800,42.591600,0.000000,top
"C137","10uF,16V","C_0603_1608Metric",91.606800,48.481600,180.000000,top
"C141","18pF,50V","C_0402_1005Metric",99.036528,53.980000,0.000000,top
"C144","18pF,50V","C_0402_1005Metric",96.636528,53.980000,180.000000,top
"C145","10nF,50V","C_0402_1005Metric",107.240428,52.107600,180.000000,top
"C146","10nF,50V","C_0402_1005Metric",107.240428,48.297600,180.000000,top
"C147","10nF,50V","C_0402_1005Metric",107.240428,44.487600,180.000000,top
"C148","10nF,50V","C_0402_1005Metric",107.240428,40.677600,180.000000,top
"C245","10uF,10V","C_0402_1005Metric",78.611800,29.601600,90.000000,top
"C249","0.1uF,16V","C_0402_1005Metric",77.161800,29.611600,90.000000,top
"C251","0.1uF,16V","C_0402_1005Metric",86.961800,17.961600,0.000000,top
"C256","0.1uF,16V","C_0402_1005Metric",76.031800,29.931600,90.000000,top
"C258","4.7uF,10V","C_0402_1005Metric",86.981800,18.921600,0.000000,top
"C262","12pF,50V","C_0402_1005Metric",85.661800,30.571600,-90.000000,top
"C263","12pF,50V","C_0402_1005Metric",80.281800,30.331600,90.000000,top
"C264","0.1uF,16V","C_0402_1005Metric",93.305050,26.187200,0.000000,top
"CN1","3113-112T","CONN-SMD_98P-P1.00-V_3133",28.194800,18.459000,180.000000,top
"D2","SS34A","D_SMA",121.821800,23.251600,0.000000,top
"D5","BAT54A-7-F","SOT-23",71.731800,30.931600,-90.000000,top
"D15","SS34A","D_SMA",121.891800,17.941600,0.000000,top
"FB2","100Ω@100MHz 2A","R_0603_1608Metric",37.081800,55.636600,90.000000,top
"FB4","100Ω@100MHz_2A","R_0805_2012Metric",114.283800,18.641600,-90.000000,top
"FB6","100Ω@100MHz 2A","R_0603_1608Metric",72.051800,54.626600,90.000000,top
"H1","MountingHole_Pad","FIX1",0.556400,96.391800,0.000000,top
"H2","MountingHole_Pad","FIX1",139.850000,0.684600,0.000000,top
"H3","MountingHole_Pad","FIX1",0.404000,0.811600,0.000000,top
"H4","MountingHole_Pad","FIX1",140.129400,96.493400,0.000000,top
"J1","USB_Type-C","TYPE-C-16P",137.901250,27.000900,90.000000,top
"J3","Conn_02x16_90°","PinHeader_2x16_P2.54mm_Horizontal",3.954000,30.028200,180.000000,top
"J4","SMA内孔弯座","SMA-弯座",1.541800,87.991600,0.000000,top
"J5","SMA内孔弯座","SMA-弯座",1.541800,75.641600,0.000000,top
"J6","测试针","探针",90.871475,15.012575,0.000000,top
"J7","KF2EDGR_3.81_3P","PhoenixContact_MC_1,5_3-G-3.81_1x03_P3.81mm_Horizontal",34.034900,91.420800,180.000000,top
"J8","测试针","探针",94.671475,97.702575,0.000000,top
"J10","2.54-2*10P简牛","IDC-Header_2x10_P2.54mm",87.001800,3.561600,-90.000000,top
"J16","USB_Type-C","TYPE-C-16P",137.880800,12.383001,90.000000,top
"J17","Conn_01x10","PinHeader_1x10_P2.54mm_Vertical",88.387000,9.797200,-90.000000,top
"JP1","Jumper_2","PinHeader_1x02_P2.54mm_Vertical",64.841800,32.361600,-90.000000,top
"JP2","Jumper_2","PinHeader_1x02_P2.54mm_Vertical",14.951800,74.911600,-90.000000,top
"JP3","Jumper_3_Bridged12","PinHeader_1x03_P2.54mm_Vertical",64.471800,58.681600,90.000000,top
"JP4","Jumper_2","PinHeader_1x02_P2.54mm_Vertical",14.976800,77.811600,-90.000000,top
"JP5","Jumper_2","PinHeader_1x02_P2.54mm_Vertical",18.456800,74.996600,180.000000,top
"JP6","Jumper_2","PinHeader_1x02_P2.54mm_Vertical",88.326800,87.771600,-90.000000,top
"JP7","Jumper_2","PinHeader_1x02_P2.54mm_Vertical",43.741800,64.566600,90.000000,top
"JP8","Jumper_2","PinHeader_1x02_P2.54mm_Vertical",64.596800,19.471600,-90.000000,top
"JP21","Jumper_2","PinHeader_1x02_P2.54mm_Vertical",71.961800,51.061600,-90.000000,top
"L1","4.7uH_1.4A","L1008",112.603800,15.211600,0.000000,top
"L2","DLW21SN900SQ2L","L2012",127.215549,29.051600,90.000000,top
"L3","4.7uH_1.4A","L1008",64.081800,54.641600,180.000000,top
"L4","4.7uH_1.4A","L1008",92.651800,50.611600,180.000000,top
"L5","ACT45B-510-2P-TL003","L4532",30.150300,84.486600,90.000000,top
"L7","DLW21SN900SQ2L","L2012",127.346800,12.531600,90.000000,top
"LED1","LED_RED","LED_0603",120.231800,13.861600,180.000000,top
"LED2","LED_RED","LED_0603",33.280900,44.411600,0.000000,top
"LED4","SLR0365CRA1BD/AFN-3651A","LED-SEG-TH",62.881800,92.491600,0.000000,top
"LED5","LED_RED","LED_0603",30.015425,44.411600,0.000000,top
"LED6","LED_RED","LED_0603",25.596250,50.783825,180.000000,top
"LED7","LED_RED","LED_0603",25.631800,49.143825,180.000000,top
"LED8","LED_GREEN","LED_0603",37.541800,49.661600,90.000000,top
"MARK2","HPM Logo","HPM LOGO 8",15.046335,53.485185,0.000000,top
"P1","RJ45","RJ45-TH_B-1-1_led-update",131.625800,85.279780,90.000000,top
"P2","RJ45","RJ45-TH_B-1-1_led-update",131.625800,65.196000,90.000000,top
"P3","RJ45","RJ45-TH_B-1-1",131.648328,45.366177,90.000000,top
"P5","双排排针2.54mm-40P","PinHeader_2x20_P2.54mm_Vertical",55.235000,1.910000,-90.000000,top
"Q1","2N7002","SOT-23",109.341800,25.026700,-90.000000,top
"R1","10K","R_0402_1005Metric",75.111800,29.961600,90.000000,top
"R2","0Ω","R_0603_1608Metric",47.261800,55.696600,90.000000,top
"R3","33Ω","R_0402_1005Metric",99.041800,39.541600,90.000000,top
"R5","0Ω","R_0603_1608Metric",7.236800,92.481600,0.000000,top
"R6","22Ω","R_0402_1005Metric",7.341800,88.981600,0.000000,top
"R7","1K","R_0402_1005Metric",120.691800,15.101600,180.000000,top
"R9","10K","R_0402_1005Metric",104.611800,13.601600,0.000000,top
"R10","10K","R_0402_1005Metric",130.121800,21.746600,0.000000,top
"R11","330Ω","R_0402_1005Metric",128.251800,21.746600,180.000000,top
"R12","100K","R_0402_1005Metric",105.911800,24.321600,-90.000000,top
"R13","0Ω_0402","R_0402_1005Metric",104.981800,24.321600,90.000000,top
"R14","10K","R_0402_1005Metric",111.671800,24.241600,-90.000000,top
"R15","0Ω_0402","R_0402_1005Metric",112.611800,24.271600,90.000000,top
"R16","10K","R_0402_1005Metric",107.023800,24.321600,90.000000,top
"R20","0Ω_0402","R_0402_1005Metric",123.051800,27.331600,90.000000,top
"R24","2K","R_0402_1005Metric",36.241800,49.241600,90.000000,top
"R29","4.7K","R_0402_1005Metric",124.081800,93.691600,-90.000000,top
"R40","33Ω","R_0402_1005Metric",94.345800,79.341600,0.000000,top
"R41","0Ω_0402","R_0402_1005Metric",101.835800,71.251600,90.000000,top
"R43","33Ω","R_0402_1005Metric",17.341800,48.441600,180.000000,top
"R44","33Ω","R_0402_1005Metric",17.351800,47.371600,0.000000,top
"R45","33Ω","R_0402_1005Metric",17.391800,46.311600,180.000000,top
"R46","0Ω","R_0402_1005Metric",22.781800,87.366600,0.000000,top
"R47","33Ω","R_0402_1005Metric",17.381800,45.121600,0.000000,top
"R48","0Ω","R_0402_1005Metric",17.641800,43.391600,180.000000,top
"R50","0Ω","R_0402_1005Metric",22.861800,84.816600,0.000000,top
"R51","0Ω","R_0402_1005Metric",17.627800,42.416000,0.000000,top
"R52","33Ω","R_0402_1005Metric",28.308468,72.104934,90.000000,top
"R54","49.9Ω","R_0402_1005Metric",7.731800,74.901600,0.000000,top
"R56","33Ω","R_0402_1005Metric",94.185800,81.896600,0.000000,top
"R57","1K","R_0402_1005Metric",29.891250,34.236600,0.000000,top
"R58","1K","R_0402_1005Metric",29.891250,32.246600,0.000000,top
"R60","0Ω_0402","R_0402_1005Metric",106.931800,70.081600,90.000000,top
"R61","0Ω","R_0402_1005Metric",7.651800,72.971600,180.000000,top
"R62","4.7K","R_0402_1005Metric",111.815798,86.771600,0.000000,top
"R64","4.7K","R_0402_1005Metric",111.809132,85.768267,0.000000,top
"R65","33Ω","R_0402_1005Metric",32.441800,72.131600,90.000000,top
"R66","0Ω_0402","R_0402_1005Metric",101.941800,91.781600,90.000000,top
"R68","0Ω_0402","R_0402_1005Metric",94.185800,83.111600,180.000000,top
"R69","0Ω_0402","R_0402_1005Metric",101.445800,90.141600,0.000000,top
"R70","0Ω_0402","R_0402_1005Metric",101.511800,69.061600,0.000000,top
"R71","33Ω","R_0402_1005Metric",99.061800,58.461600,0.000000,top
"R72","10K","R_0402_1005Metric",104.621800,14.551600,0.000000,top
"R73","33Ω","R_0402_1005Metric",30.271800,72.131600,90.000000,top
"R74","10K","R_0402_1005Metric",29.275134,72.108266,90.000000,top
"R75","0Ω","R_0402_1005Metric",17.619800,41.431600,0.000000,top
"R76","33Ω","R_0402_1005Metric",99.051800,60.371600,0.000000,top
"R77","1K","R_0402_1005Metric",33.029050,43.301600,0.000000,top
"R78","0Ω_0402","R_0402_1005Metric",102.931800,71.221600,-90.000000,top
"R79","2.49K","R_0402_1005Metric",99.071800,68.041600,180.000000,top
"R84","4.7K","R_0402_1005Metric",107.941800,70.091600,90.000000,top
"R85","330Ω","R_0402_1005Metric",125.221800,72.431600,180.000000,top
"R86","4.7K","R_0402_1005Metric",125.471800,57.121600,-90.000000,top
"R87","330Ω","R_0402_1005Metric",124.461800,57.111600,-90.000000,top
"R93","1M","R_0402_1005Metric",42.691800,50.241600,-90.000000,top
"R97","10Ω","R_0402_1005Metric",115.341800,24.281600,90.000000,top
"R100","0Ω","R_0805_2012Metric",70.101800,54.741600,-90.000000,top
"R102","0Ω","R_0402_1005Metric",17.619800,40.418400,0.000000,top
"R103","0Ω","R_0402_1005Metric",17.611800,39.332800,0.000000,top
"R104","1K","R_0402_1005Metric",27.971800,50.783825,0.000000,top
"R105","1K","R_0402_1005Metric",28.007350,49.143825,0.000000,top
"R108","0Ω","R_0402_1005Metric",17.621800,38.332800,0.000000,top
"R112","330Ω","R_0402_1005Metric",125.141800,93.661600,-90.000000,top
"R113","0Ω","R_0402_1005Metric",112.175800,81.521600,0.000000,top
"R114","0Ω","R_0402_1005Metric",111.831800,87.871600,0.000000,top
"R115","0Ω","R_0402_1005Metric",111.831800,88.941600,0.000000,top
"R119","4.7K","R_0603_1608Metric",86.171800,92.031600,0.000000,top
"R122","4.7K","R_0402_1005Metric",125.221800,76.491600,180.000000,top
"R123","0Ω","R_0402_1005Metric",112.175800,82.431600,0.000000,top
"R125","0Ω","R_0402_1005Metric",112.115800,68.691600,0.000000,top
"R127","0Ω","R_0402_1005Metric",112.115800,67.801600,0.000000,top
"R128","330Ω","R_0402_1005Metric",125.191800,77.551600,180.000000,top
"R130","0Ω","R_0402_1005Metric",112.116380,62.302180,0.000000,top
"R132","0Ω","R_0402_1005Metric",112.116380,61.422180,0.000000,top
"R138","4.7K","R_0402_1005Metric",39.751800,32.641600,180.000000,top
"R139","4.7K","R_0402_1005Metric",39.751800,31.701600,180.000000,top
"R140","33Ω","R_0402_1005Metric",93.821800,38.831600,0.000000,top
"R142","4.7K","R_0402_1005Metric",101.411800,49.871600,0.000000,top
"R144","4.7K","R_0402_1005Metric",104.931800,43.561600,0.000000,top
"R146","4.7K","R_0402_1005Metric",104.961800,45.561600,0.000000,top
"R148","4.7K","R_0402_1005Metric",104.931800,44.565744,0.000000,top
"R151","4.7K","R_0402_1005Metric",104.991800,46.565366,180.000000,top
"R152","4.7K","R_0402_1005Metric",104.971800,47.581600,180.000000,top
"R153","2.49K","R_0402_1005Metric",101.421800,50.911600,180.000000,top
"R166","10K","R_0402_1005Metric",39.751800,34.521600,0.000000,top
"R167","0Ω_0402","R_0402_1005Metric",39.751800,30.761600,0.000000,top
"R168","0Ω_0402","R_0402_1005Metric",39.751800,33.581600,180.000000,top
"R177","0Ω_0402","R_0402_1005Metric",103.881800,91.761600,-90.000000,top
"R178","2.49K","R_0402_1005Metric",101.381800,88.861600,180.000000,top
"R179","10K","R_0402_1005Metric",111.795800,84.774934,180.000000,top
"R192","33.2K","R_0402_1005Metric",104.621800,15.511600,180.000000,top
"R193","33Ω","R_0402_1005Metric",61.401800,35.241600,180.000000,top
"R200","1K","R_0402_1005Metric",29.651800,43.231600,0.000000,top
"R284","0Ω_0402","R_0402_1005Metric",73.991800,29.921600,90.000000,top
"R286","10K","R_0402_1005Metric",130.024099,15.561901,0.000000,top
"R287","330Ω","R_0402_1005Metric",128.184099,15.561901,180.000000,top
"R296","10K","R_0402_1005Metric",89.491800,26.731600,-90.000000,top
"R297","10K","R_0402_1005Metric",88.555050,26.721600,-90.000000,top
"R298","2K","R_0402_1005Metric",90.695050,26.731600,-90.000000,top
"R299","10K","R_0402_1005Metric",91.645050,26.731600,-90.000000,top
"REF**","PB","PB",79.170411,56.955770,0.000000,top
"Ref**","Val**","ESD2",50.414550,67.441150,0.000000,top
"SW1","拨码开关","SW-SMD_DM-02-V",131.318000,1.981200,90.000000,top
"SW2","轻触开关4.5mm*4.5mm*4mm","轻触开关SMD-4P,4.5x4.5mm",114.711948,2.032000,-90.000000,top
"SW3","轻触开关","轻触开关SMD-4P,4.5x4.5mm",99.014000,2.032000,-90.000000,top
"SW4","轻触开关4.5mm*4.5mm*4mm","轻触开关SMD-4P,4.5x4.5mm",106.862974,2.032000,-90.000000,top
"SW5","轻触开关4.5mm*4.5mm*4mm","轻触开关SMD-4P,4.5x4.5mm",122.560924,2.032000,-90.000000,top
"SW6","拨码开关","SW-SMD_DM-02-V",23.146800,33.586600,-90.000000,top
"SW7","轻触开关4.5mm*4.5mm*4mm","轻触开关SMD-4P,4.5x4.5mm",48.971800,81.501600,0.000000,top
"SW8","轻触开关4.5mm*4.5mm*4mm","轻触开关SMD-4P,4.5x4.5mm",63.046250,81.501600,0.000000,top
"SW9","轻触开关4.5mm*4.5mm*4mm","轻触开关SMD-4P,4.5x4.5mm",77.120700,81.501600,0.000000,top
"SW10","轻触开关4.5mm*4.5mm*4mm","轻触开关SMD-4P,4.5x4.5mm",48.871800,74.081600,0.000000,top
"SW11","轻触开关4.5mm*4.5mm*4mm","轻触开关SMD-4P,4.5x4.5mm",62.946250,74.081600,0.000000,top
"SW12","轻触开关4.5mm*4.5mm*4mm","轻触开关SMD-4P,4.5x4.5mm",77.020700,74.081600,0.000000,top
"T3","网口变压器11FB-05NL","H1102_XFMR16_SM",119.888000,85.135000,0.000000,top
"T30","网口变压器11FB-05NL","H1102_XFMR16_SM",119.888000,65.051220,0.000000,top
"U1","TPS563201DDCR","SOT-23-6",107.883800,15.375600,0.000000,top
"U2","REF3033AIDBZR","SOT-23",41.965600,56.074150,-90.000000,top
"U4","HPM5E31IGN1","BGA-196_14x14_12.0x12.0mm_P0.8mm",57.481800,46.141600,180.000000,top
"U6","PW1515","SOT-23-5",129.344000,23.873202,0.000000,top
"U7","PRTR5V0U2X","SOT-143",130.815549,29.051600,90.000000,top
"U8","AP2151WG-7","SOT-23-5",120.343700,26.901588,180.000000,top
"U9"," NSI1306M25-DSWR","SOP-16_L10.3-W7.5-P1.27-LS10.4-BL",15.431800,86.726600,-90.000000,top
"U10","CAT24C128WI-GT3","SOIC-8",32.806800,34.276600,0.000000,top
"U11","JL1111-N032I","QFN-32-1EP_5x5mm_P0.5mm_EP3.1x3.1mm",105.156000,65.192220,0.000000,top
"U15","RTL8211E-VB-CG","QFN-48-1EP_6x6mm_P0.4mm_EP4.2x4.2mm",97.990328,45.115177,0.000000,top
"U16","网口变压器H5007NL","PULSE_H5007NL",117.129228,45.122600,0.000000,top
"U17","TJA1042T/3","SOIC-8",29.316800,75.086600,90.000000,top
"U18","DS18B20","TO-92-3",85.241800,94.781600,0.000000,top
"U22","JL1111-N032I","QFN-32-1EP_5x5mm_P0.5mm_EP3.1x3.1mm",105.156000,85.276000,0.000000,top
"U28","FT2232HL","LQFP-64",78.892300,21.694901,-90.000000,top
"U29","PW1515","SOT-23-5",129.202199,17.741602,0.000000,top
"U30","PRTR5V0U2X","SOT-143",130.961800,12.491600,-90.000000,top
"U31","93LC56B-I/SN","SOIC-8",88.405050,23.865100,0.000000,top
"X2","24MHz ±10ppm 12pF","3225",45.164600,50.075000,-90.000000,top
"X5","25MHz_±10ppm_12pF","3225",97.974967,51.620677,0.000000,top
"X6","12MHz ±10ppm 10pF","3225",82.881800,30.531600,0.000000,top
